Variant	Genotype
Translocation_0	0/1
csvT_0	0/1
csvA_0	0/0
csvA_1	0/0
csvA_2	0/1
csvA_3	0/1
csvA_4	0/0
csvA_5	0/0
csvA_6	0/1
csvA_7	0/0
csvA_8	0/1
csvA_9	0/0
csvA_10	0/1
csvA_11	0/1
csvA_12	0/0
csvA_13	0/1
csvA_14	0/0
csvA_15	1/1
csvA_16	0/0
csvA_17	1/1
csvA_18	1/1
csvA_19	0/1
csvA_20	0/1
csvA_21	0/1
csvA_22	0/1
csvA_23	0/1
csvA_24	0/1
csvA_25	0/1
csvA_26	1/1
csvA_27	0/0
csvA_28	1/1
csvA_29	0/1
csvA_30	0/1
csvA_31	0/1
csvA_32	0/1
csvA_33	0/0
csvA_34	0/0
csvA_35	1/1
csvA_36	1/1
csvA_37	0/1
csvA_38	0/1
csvA_39	0/1
csvA_40	0/1
csvA_41	0/0
csvA_42	0/1
csvA_43	0/1
csvA_44	0/1
csvA_45	0/1
csvA_46	0/1
csvA_47	0/1
csvA_48	0/1
csvA_49	1/1
csvA_50	0/0
csvA_51	0/0
csvA_52	0/1
csvA_53	0/1
csvA_54	0/1
csvA_55	0/1
csvA_56	0/0
csvA_57	0/1
csvA_58	0/0
csvA_59	1/1
csvA_60	0/1
csvA_61	0/0
csvA_62	0/0
csvA_63	1/1
csvA_64	1/1
csvA_65	0/1
csvA_66	0/0
csvA_67	0/1
csvA_68	0/1
csvA_69	0/1
csvA_70	1/1
csvA_71	0/0
csvA_72	0/1
csvA_73	0/1
csvA_74	0/1
csvA_75	0/1
csvA_76	0/1
csvA_77	0/1
csvA_78	0/0
csvA_79	0/0
csvA_80	0/0
csvA_81	0/1
csvA_82	0/0
csvA_83	0/0
csvA_84	0/0
csvA_85	0/1
csvA_86	0/1
csvA_87	1/1
csvA_88	0/1
csvA_89	0/1
csvA_90	0/1
csvA_91	1/1
csvA_92	0/1
csvA_93	0/0
csvA_94	0/0
csvA_95	0/0
csvA_96	0/1
csvA_97	1/1
csvA_98	1/1
csvA_99	1/1
csvB_0	0/1
csvB_1	1/1
csvB_2	0/1
csvB_3	0/0
csvB_4	0/1
csvB_5	0/0
csvB_6	0/1
csvB_7	1/1
csvB_8	1/1
csvB_9	1/1
csvB_10	0/1
csvB_11	0/0
csvB_12	1/1
csvB_13	0/1
csvB_14	0/1
csvB_15	0/1
csvB_16	0/0
csvB_17	0/0
csvB_18	0/1
csvB_19	0/1
csvB_20	0/1
csvB_21	1/1
csvB_22	1/1
csvB_23	0/1
csvB_24	0/1
csvB_25	0/0
csvB_26	1/1
csvB_27	0/1
csvB_28	1/1
csvB_29	1/1
csvB_30	0/1
csvB_31	0/0
csvB_32	0/1
csvB_33	1/1
csvB_34	1/1
csvB_35	0/1
csvB_36	0/1
csvB_37	1/1
csvB_38	0/1
csvB_39	1/1
csvB_40	0/1
csvB_41	1/1
csvB_42	0/1
csvB_43	0/1
csvB_44	0/1
csvB_45	0/1
csvB_46	1/1
csvB_47	0/1
csvB_48	0/1
csvB_49	0/1
csvB_50	0/1
csvB_51	0/1
csvB_52	0/1
csvB_53	0/0
csvB_54	0/1
csvB_55	0/1
csvB_56	0/1
csvB_57	1/1
csvB_58	1/1
csvB_59	1/1
csvB_60	1/1
csvB_61	0/0
csvB_62	0/1
csvB_63	0/0
csvB_64	0/1
csvB_65	0/1
csvB_66	1/1
csvB_67	0/0
csvB_68	0/1
csvB_69	1/1
csvB_70	0/1
csvB_71	1/1
csvB_72	0/0
csvB_73	0/1
csvB_74	0/1
csvB_75	1/1
csvB_76	1/1
csvB_77	0/1
csvB_78	0/1
csvB_79	0/1
csvB_80	1/1
csvB_81	0/0
csvB_82	0/1
csvB_83	1/1
csvB_84	0/0
csvB_85	0/0
csvB_86	0/1
csvB_87	0/0
csvB_88	1/1
csvB_89	0/1
csvB_90	1/1
csvB_91	1/1
csvB_92	0/1
csvB_93	1/1
csvB_94	1/1
csvB_95	0/1
csvB_96	0/1
csvB_97	0/0
csvB_98	0/1
csvB_99	0/0
csvC_0	0/1
csvC_1	0/1
csvC_2	0/1
csvC_3	1/1
csvC_4	0/1
csvC_5	0/1
csvC_6	0/1
csvC_7	0/0
csvC_8	0/0
csvC_9	0/1
csvC_10	0/0
csvC_11	0/1
csvC_12	0/0
csvC_13	1/1
csvC_14	0/1
csvC_15	0/0
csvC_16	1/1
csvC_17	0/0
csvC_18	0/1
csvC_19	0/1
csvC_20	0/0
csvC_21	0/0
csvC_22	0/1
csvC_23	0/1
csvC_24	1/1
csvC_25	0/0
csvC_26	0/0
csvC_27	0/1
csvC_28	0/1
csvC_29	0/1
csvC_30	1/1
csvC_31	1/1
csvC_32	1/1
csvC_33	1/1
csvC_34	0/1
csvC_35	0/1
csvC_36	0/0
csvC_37	1/1
csvC_38	0/0
csvC_39	0/0
csvC_40	0/1
csvC_41	0/0
csvC_42	1/1
csvC_43	1/1
csvC_44	1/1
csvC_45	0/0
csvC_46	0/0
csvC_47	0/1
csvC_48	1/1
csvC_49	0/0
csvC_50	0/1
csvC_51	0/1
csvC_52	0/1
csvC_53	1/1
csvC_54	0/1
csvC_55	0/1
csvC_56	1/1
csvC_57	0/1
csvC_58	0/1
csvC_59	0/1
csvC_60	1/1
csvC_61	1/1
csvC_62	1/1
csvC_63	1/1
csvC_64	0/0
csvC_65	1/1
csvC_66	0/0
csvC_67	0/1
csvC_68	0/0
csvC_69	0/1
csvC_70	0/1
csvC_71	0/0
csvC_72	0/0
csvC_73	0/1
csvC_74	0/0
csvC_75	1/1
csvC_76	0/0
csvC_77	1/1
csvC_78	0/1
csvC_79	0/1
csvC_80	1/1
csvC_81	0/1
csvC_82	0/1
csvC_83	0/0
csvC_84	0/1
csvC_85	0/0
csvC_86	0/1
csvC_87	0/1
csvC_88	0/1
csvC_89	0/1
csvC_90	1/1
csvC_91	0/1
csvC_92	1/1
csvC_93	0/1
csvC_94	0/1
csvC_95	0/1
csvC_96	1/1
csvC_97	0/1
csvC_98	1/1
csvC_99	0/1
csvD_0	1/1
csvD_1	1/1
csvD_2	0/1
csvD_3	0/1
csvD_4	0/0
csvD_5	0/0
csvD_6	0/0
csvD_7	0/1
csvD_8	0/1
csvD_9	0/1
csvD_10	1/1
csvD_11	1/1
csvD_12	0/1
csvD_13	0/0
csvD_14	0/0
csvD_15	0/1
csvD_16	0/1
csvD_17	1/1
csvD_18	0/1
csvD_19	0/1
csvD_20	0/0
csvD_21	0/1
csvD_22	0/0
csvD_23	0/0
csvD_24	0/0
csvD_25	0/0
csvD_26	0/0
csvD_27	0/1
csvD_28	0/0
csvD_29	0/1
csvD_30	0/1
csvD_31	0/1
csvD_32	0/0
csvD_33	0/0
csvD_34	1/1
csvD_35	0/1
csvD_36	0/1
csvD_37	0/1
csvD_38	0/0
csvD_39	0/1
csvD_40	0/0
csvD_41	0/1
csvD_42	0/0
csvD_43	0/0
csvD_44	0/0
csvD_45	0/1
csvD_46	0/1
csvD_47	0/0
csvD_48	0/0
csvD_49	0/1
csvD_50	0/1
csvD_51	1/1
csvD_52	0/1
csvD_53	0/1
csvD_54	0/1
csvD_55	0/1
csvD_56	1/1
csvD_57	1/1
csvD_58	0/1
csvD_59	1/1
csvD_60	0/1
csvD_61	0/0
csvD_62	0/0
csvD_63	0/1
csvD_64	1/1
csvD_65	0/0
csvD_66	0/0
csvD_67	0/1
csvD_68	0/1
csvD_69	0/1
csvD_70	0/0
csvD_71	0/1
csvD_72	0/1
csvD_73	0/1
csvD_74	0/1
csvD_75	0/1
csvD_76	0/0
csvD_77	0/1
csvD_78	0/0
csvD_79	0/1
csvD_80	1/1
csvD_81	1/1
csvD_82	0/1
csvD_83	0/0
csvD_84	0/0
csvD_85	0/1
csvD_86	1/1
csvD_87	0/0
csvD_88	0/1
csvD_89	0/1
csvD_90	0/0
csvD_91	0/1
csvD_92	0/1
csvD_93	1/1
csvD_94	0/0
csvD_95	0/1
csvD_96	0/1
csvD_97	0/0
csvD_98	0/1
csvD_99	0/1
csvI_0	1/1
csvI_1	1/1
csvI_2	1/1
csvI_3	1/1
csvI_4	1/1
csvI_5	1/1
csvI_6	1/1
csvI_7	0/0
csvI_8	0/0
csvI_9	0/1
csvI_10	1/1
csvI_11	1/1
csvI_12	1/1
csvI_13	0/1
csvI_14	0/1
csvI_15	0/0
csvI_16	0/0
csvI_17	0/0
csvI_18	1/1
csvI_19	1/1
csvI_20	0/0
csvI_21	0/1
csvI_22	0/1
csvI_23	1/1
csvI_24	0/0
csvI_25	0/0
csvI_26	0/0
csvI_27	0/0
csvI_28	0/0
csvI_29	0/0
csvI_30	0/0
csvI_31	1/1
csvI_32	1/1
csvI_33	0/1
csvI_34	0/1
csvI_35	0/1
csvI_36	1/1
csvI_37	0/1
csvI_38	0/0
csvI_39	0/1
csvI_40	1/1
csvI_41	0/0
csvI_42	1/1
csvI_43	1/1
csvI_44	0/0
csvI_45	1/1
csvI_46	0/0
csvI_47	0/0
csvI_48	0/1
csvI_49	0/0
csvI_50	0/1
csvI_51	0/1
csvI_52	0/1
csvI_53	0/1
csvI_54	1/1
csvI_55	1/1
csvI_56	1/1
csvI_57	0/1
csvI_58	0/0
csvI_59	0/1
csvI_60	0/0
csvI_61	0/1
csvI_62	0/0
csvI_63	0/1
csvI_64	0/1
csvI_65	0/0
csvI_66	0/1
csvI_67	0/0
csvI_68	1/1
csvI_69	0/1
csvI_70	0/1
csvI_71	1/1
csvI_72	0/1
csvI_73	0/0
csvI_74	0/0
csvI_75	1/1
csvI_76	0/0
csvI_77	0/1
csvI_78	0/1
csvI_79	1/1
csvI_80	0/1
csvI_81	0/0
csvI_82	1/1
csvI_83	0/1
csvI_84	0/0
csvI_85	0/1
csvI_86	0/1
csvI_87	1/1
csvI_88	0/1
csvI_89	0/1
csvI_90	0/1
csvI_91	1/1
csvI_92	0/0
csvI_93	0/1
csvI_94	0/1
csvI_95	0/0
csvI_96	0/0
csvI_97	1/1
csvI_98	0/1
csvI_99	1/1
Deletion_0	0/0
Deletion_1	0/0
Deletion_2	0/1
Deletion_3	0/0
Deletion_4	0/1
Deletion_5	0/1
Deletion_6	0/1
Deletion_7	0/1
Deletion_8	0/1
Deletion_9	1/1
Deletion_10	0/1
Deletion_11	0/0
Deletion_12	1/1
Deletion_13	1/1
Deletion_14	1/1
Deletion_15	1/1
Deletion_16	0/0
Deletion_17	0/1
Deletion_18	1/1
Deletion_19	1/1
Deletion_20	1/1
Deletion_21	1/1
Deletion_22	0/1
Deletion_23	0/1
Deletion_24	0/1
Deletion_25	0/1
Deletion_26	0/1
Deletion_27	0/1
Deletion_28	0/1
Deletion_29	1/1
Deletion_30	0/1
Deletion_31	0/0
Deletion_32	0/0
Deletion_33	0/0
Deletion_34	0/1
Deletion_35	0/1
Deletion_36	0/1
Deletion_37	0/0
Deletion_38	0/1
Deletion_39	0/0
Deletion_40	0/0
Deletion_41	0/0
Deletion_42	0/0
Deletion_43	1/1
Deletion_44	0/1
Deletion_45	0/1
Deletion_46	1/1
Deletion_47	1/1
Deletion_48	0/0
Deletion_49	1/1
Deletion_50	1/1
Deletion_51	0/1
Deletion_52	0/1
Deletion_53	0/1
Deletion_54	0/1
Deletion_55	1/1
Deletion_56	0/1
Deletion_57	0/1
Deletion_58	1/1
Deletion_59	0/0
Deletion_60	1/1
Deletion_61	0/1
Deletion_62	0/1
Deletion_63	0/1
Deletion_64	0/1
Deletion_65	1/1
Deletion_66	0/1
Deletion_67	0/1
Deletion_68	0/1
Deletion_69	0/1
Deletion_70	0/0
Deletion_71	1/1
Deletion_72	0/0
Deletion_73	0/1
Deletion_74	0/1
Deletion_75	0/0
Deletion_76	0/1
Deletion_77	1/1
Deletion_78	0/1
Deletion_79	1/1
Deletion_80	1/1
Deletion_81	0/1
Deletion_82	0/0
Deletion_83	0/0
Deletion_84	0/1
Deletion_85	1/1
Deletion_86	1/1
Deletion_87	0/1
Deletion_88	0/0
Deletion_89	0/1
Deletion_90	0/1
Deletion_91	0/1
Deletion_92	0/0
Deletion_93	0/0
Deletion_94	0/1
Deletion_95	1/1
Deletion_96	0/1
Deletion_97	0/0
Deletion_98	1/1
Deletion_99	0/0
Duplication_0	0/0
Duplication_1	0/1
Duplication_2	1/1
Duplication_3	0/1
Duplication_4	0/1
Duplication_5	0/1
Duplication_6	0/1
Duplication_7	0/1
Duplication_8	0/1
Duplication_9	0/1
Duplication_10	0/1
Duplication_11	0/0
Duplication_12	0/1
Duplication_13	0/0
Duplication_14	0/1
Duplication_15	0/1
Duplication_16	1/1
Duplication_17	0/1
Duplication_18	0/1
Duplication_19	0/1
Duplication_20	0/0
Duplication_21	0/1
Duplication_22	0/1
Duplication_23	0/1
Duplication_24	0/0
Duplication_25	0/1
Duplication_26	1/1
Duplication_27	1/1
Duplication_28	0/1
Duplication_29	0/0
Duplication_30	1/1
Duplication_31	0/1
Duplication_32	0/1
Duplication_33	0/0
Duplication_34	1/1
Duplication_35	1/1
Duplication_36	0/0
Duplication_37	1/1
Duplication_38	1/1
Duplication_39	1/1
Duplication_40	0/0
Duplication_41	1/1
Duplication_42	0/0
Duplication_43	1/1
Duplication_44	0/1
Duplication_45	0/1
Duplication_46	1/1
Duplication_47	0/1
Duplication_48	0/1
Duplication_49	0/1
Duplication_50	0/1
Duplication_51	1/1
Duplication_52	0/1
Duplication_53	0/0
Duplication_54	0/1
Duplication_55	0/1
Duplication_56	1/1
Duplication_57	1/1
Duplication_58	0/1
Duplication_59	0/1
Duplication_60	0/1
Duplication_61	0/1
Duplication_62	1/1
Duplication_63	1/1
Duplication_64	0/1
Duplication_65	1/1
Duplication_66	0/0
Duplication_67	1/1
Duplication_68	0/1
Duplication_69	0/0
Duplication_70	0/1
Duplication_71	0/0
Duplication_72	0/1
Duplication_73	0/1
Duplication_74	1/1
Duplication_75	0/1
Duplication_76	0/1
Duplication_77	1/1
Duplication_78	0/1
Duplication_79	0/1
Duplication_80	0/1
Duplication_81	0/0
Duplication_82	1/1
Duplication_83	1/1
Duplication_84	1/1
Duplication_85	0/0
Duplication_86	0/0
Duplication_87	1/1
Duplication_88	1/1
Duplication_89	0/1
Duplication_90	0/1
Duplication_91	1/1
Duplication_92	0/1
Duplication_93	0/1
Duplication_94	0/1
Duplication_95	0/0
Duplication_96	0/1
Duplication_97	0/1
Duplication_98	0/1
Duplication_99	0/1
Inversion_0	0/1
Inversion_1	1/1
Inversion_2	0/1
Inversion_3	1/1
Inversion_4	0/1
Inversion_5	0/1
Inversion_6	1/1
Inversion_7	1/1
Inversion_8	0/1
Inversion_9	0/1
Inversion_10	0/0
Inversion_11	0/0
Inversion_12	0/1
Inversion_13	0/1
Inversion_14	0/1
Inversion_15	0/1
Inversion_16	1/1
Inversion_17	0/1
Inversion_18	1/1
Inversion_19	0/0
Inversion_20	0/0
Inversion_21	0/1
Inversion_22	1/1
Inversion_23	0/0
Inversion_24	1/1
Inversion_25	0/1
Inversion_26	0/1
Inversion_27	0/1
Inversion_28	0/1
Inversion_29	0/0
Inversion_30	0/1
Inversion_31	0/0
Inversion_32	0/1
Inversion_33	0/1
Inversion_34	0/1
Inversion_35	0/1
Inversion_36	0/1
Inversion_37	0/0
Inversion_38	1/1
Inversion_39	0/0
Inversion_40	0/1
Inversion_41	1/1
Inversion_42	0/0
Inversion_43	0/1
Inversion_44	0/1
Inversion_45	0/0
Inversion_46	0/0
Inversion_47	0/0
Inversion_48	0/1
Inversion_49	1/1
Inversion_50	0/1
Inversion_51	0/0
Inversion_52	1/1
Inversion_53	0/0
Inversion_54	0/1
Inversion_55	0/1
Inversion_56	0/0
Inversion_57	0/1
Inversion_58	0/1
Inversion_59	1/1
Inversion_60	0/1
Inversion_61	0/0
Inversion_62	0/1
Inversion_63	0/0
Inversion_64	0/1
Inversion_65	0/0
Inversion_66	1/1
Inversion_67	1/1
Inversion_68	0/1
Inversion_69	0/0
Inversion_70	0/1
Inversion_71	0/1
Inversion_72	0/0
Inversion_73	0/0
Inversion_74	0/0
Inversion_75	0/0
Inversion_76	1/1
Inversion_77	0/0
Inversion_78	0/1
Inversion_79	0/1
Inversion_80	0/1
Inversion_81	1/1
Inversion_82	0/1
Inversion_83	0/0
Inversion_84	0/0
Inversion_85	0/1
Inversion_86	1/1
Inversion_87	0/1
Inversion_88	1/1
Inversion_89	0/1
Inversion_90	1/1
Inversion_91	0/1
Inversion_92	0/1
Inversion_93	1/1
Inversion_94	0/0
Inversion_95	0/1
Inversion_96	1/1
Inversion_97	0/0
Inversion_98	0/1
Inversion_99	0/1
TandemDuplication_0	0/0
TandemDuplication_1	1/1
TandemDuplication_2	1/1
TandemDuplication_3	1/1
TandemDuplication_4	0/0
TandemDuplication_5	0/0
TandemDuplication_6	0/0
TandemDuplication_7	1/1
TandemDuplication_8	0/1
TandemDuplication_9	1/1
TandemDuplication_10	0/1
TandemDuplication_11	0/0
TandemDuplication_12	0/1
TandemDuplication_13	0/1
TandemDuplication_14	0/1
TandemDuplication_15	1/1
TandemDuplication_16	0/0
TandemDuplication_17	0/1
TandemDuplication_18	1/1
TandemDuplication_19	0/1
TandemDuplication_20	0/0
TandemDuplication_21	1/1
TandemDuplication_22	0/1
TandemDuplication_23	0/1
TandemDuplication_24	0/1
TandemDuplication_25	0/1
TandemDuplication_26	1/1
TandemDuplication_27	0/1
TandemDuplication_28	0/0
TandemDuplication_29	0/1
TandemDuplication_30	1/1
TandemDuplication_31	0/1
TandemDuplication_32	0/1
TandemDuplication_33	0/1
TandemDuplication_34	0/0
TandemDuplication_35	0/0
TandemDuplication_36	1/1
TandemDuplication_37	0/0
TandemDuplication_38	0/0
TandemDuplication_39	0/1
TandemDuplication_40	0/1
TandemDuplication_41	0/0
TandemDuplication_42	0/1
TandemDuplication_43	0/1
TandemDuplication_44	0/1
TandemDuplication_45	0/1
TandemDuplication_46	0/1
TandemDuplication_47	0/0
TandemDuplication_48	1/1
TandemDuplication_49	0/0
TandemDuplication_50	0/1
TandemDuplication_51	0/1
TandemDuplication_52	0/1
TandemDuplication_53	0/1
TandemDuplication_54	0/1
TandemDuplication_55	0/1
TandemDuplication_56	0/1
TandemDuplication_57	0/0
TandemDuplication_58	0/1
TandemDuplication_59	0/1
TandemDuplication_60	1/1
TandemDuplication_61	0/1
TandemDuplication_62	0/0
TandemDuplication_63	0/1
TandemDuplication_64	0/1
TandemDuplication_65	1/1
TandemDuplication_66	0/1
TandemDuplication_67	0/0
TandemDuplication_68	0/1
TandemDuplication_69	1/1
TandemDuplication_70	0/1
TandemDuplication_71	0/1
TandemDuplication_72	1/1
TandemDuplication_73	1/1
TandemDuplication_74	1/1
TandemDuplication_75	1/1
TandemDuplication_76	1/1
TandemDuplication_77	0/0
TandemDuplication_78	0/1
TandemDuplication_79	0/0
TandemDuplication_80	1/1
TandemDuplication_81	0/0
TandemDuplication_82	0/1
TandemDuplication_83	0/0
TandemDuplication_84	0/1
TandemDuplication_85	0/0
TandemDuplication_86	0/1
TandemDuplication_87	0/1
TandemDuplication_88	0/1
TandemDuplication_89	0/1
TandemDuplication_90	0/1
TandemDuplication_91	0/1
TandemDuplication_92	0/1
TandemDuplication_93	0/1
TandemDuplication_94	0/0
TandemDuplication_95	0/0
TandemDuplication_96	0/1
TandemDuplication_97	0/1
TandemDuplication_98	0/1
TandemDuplication_99	0/1
